feature	metadata	value	coef	stderr	N	N.not.0	pval	qval
X445970.5.patric	diagnosis	UC	-0.31055542616429	0.0248907844323174	1316	678	8.02578993229825e-34	3.94868864669074e-31
ERS473051_14.hgm	diagnosis	CD	-0.201808805953313	0.0176988187379443	1316	176	7.53972674211435e-28	1.85477277856013e-25
SRS021219_12.hgm	age	age	0.00609083778033527	0.000544653473754082	1316	154	1.39460493529465e-27	2.28715209388322e-25
X742821.3.patric	diagnosis	CD	-0.311911488686929	0.0299113942180127	1316	229	1.86505883408391e-24	2.29402236592321e-22
ERS473051_14.hgm	diagnosis	UC	-0.195041822381147	0.018821613850431	1316	176	6.59648111261274e-24	6.49093741481093e-22
SRS050752_17.hgm	diagnosis	CD	-0.211594819627246	0.0214271237014854	1316	168	3.54119588063504e-22	2.90378062212073e-20
SRS077849_38.hgm	diagnosis	UC	-0.308272135499368	0.0320279378290036	1316	466	3.13132640506341e-21	2.200875130416e-19
X445970.5.patric	diagnosis	CD	-0.218420007895556	0.023519990431687	1316	678	6.57511433843342e-20	4.04369531813655e-18
X657319.15.patric	diagnosis	UC	-0.194370084315598	0.0210569070566837	1316	355	1.0814537624293e-19	5.9119472346135e-18
X349741.6.patric	diagnosis	UC	-0.162984174710441	0.0178126821538678	1316	192	2.54475487661388e-19	1.25201939929403e-17
ERS537221_53.hgm	diagnosis	CD	-0.183475320443675	0.0206406570368249	1316	185	1.96742226137492e-17	8.79974320542237e-16
X742821.3.patric	diagnosis	UC	-0.269053953356471	0.0315863209162407	1316	229	4.64031913202631e-17	1.90253084413079e-15
X483215.6.patric	diagnosis	CD	-0.169669766000781	0.0203533374114873	1316	218	2.16195412102276e-16	8.18216482725536e-15
X657319.15.patric	diagnosis	CD	-0.161441747457496	0.0198814526251725	1316	355	1.11244178120516e-15	3.64880904235293e-14
ERS396493_5.hgm	diagnosis	UC	-0.163132353849528	0.0196239199763118	1316	196	1.07781574639392e-15	3.64880904235293e-14
SRS1596872_171.hgm	diagnosis	CD	-0.229491736308998	0.0283857175014468	1316	362	1.44084100809634e-15	4.43058609989624e-14
SRS104400_3.hgm	diagnosis	CD	-0.215636117552237	0.0278404566486591	1316	523	1.90591224521561e-14	5.51593426262399e-13
SRS077502_20.hgm	diagnosis	CD	-0.227370435232827	0.0296157785090492	1316	891	3.18356080208804e-14	8.70173285904064e-13
ERS608519_39.hgm	diagnosis	CD	-0.260462292456201	0.0348412005688493	1316	434	1.71441541438971e-13	4.43943359936705e-12
SRS017307_13.hgm	diagnosis	UC	-0.285557888375178	0.038048118169895	1316	781	1.9527567149593e-13	4.80378151879987e-12
X927665.4.patric	diagnosis	CD	-0.123509883295584	0.0166725466523228	1316	135	2.32543857572943e-13	5.44817037742323e-12
SRS017307_13.hgm	diagnosis	CD	-0.27330038155779	0.0365246333396358	1316	781	2.95196587904051e-13	6.60166914767242e-12
SRS049402_2.hgm	diagnosis	UC	-0.138282794292942	0.0188189699093203	1316	259	4.3199169158303e-13	9.24086575038481e-12
SRS098717_4.hgm	diagnosis	UC	-0.19640303899208	0.0270098228998635	1316	618	6.11634651021156e-13	1.25385103459337e-11
ERS473180_17.hgm	diagnosis	UC	-0.166767496425841	0.0236110650111638	1316	167	2.69942333014697e-12	5.31246511372923e-11
SRS104400_3.hgm	diagnosis	UC	-0.206394382784851	0.0294399514809003	1316	523	3.79910990923539e-12	7.18908490516851e-11
X208479.8.patric	diagnosis	CD	0.222381793125512	0.0316858961311079	1316	553	4.06446854497558e-12	7.40636490417773e-11
X1897011.3.patric	diagnosis	UC	-0.200074898650276	0.0293647964033475	1316	431	1.45380162629419e-11	2.38423466712247e-10
ERS396406_17.hgm	antibiotics	Yes	-0.375706456077474	0.0550198284483641	1316	931	1.38317984998921e-11	2.38423466712247e-10
SRS475693_1.hgm	diagnosis	CD	-0.148433767816319	0.0217705250653147	1316	146	1.41021562196277e-11	2.38423466712247e-10
SRS820594_22.hgm	diagnosis	UC	-0.173064590553062	0.0255288485617233	1316	452	2.42855981822625e-11	3.85435945344296e-10
ERS396493_5.hgm	diagnosis	CD	-0.125265086150054	0.0183272770702252	1316	196	4.7639801280079e-11	7.32461944681214e-10
SRS077552_27.hgm	diagnosis	CD	-0.221937047533746	0.033652580832283	1316	880	6.31793105434917e-11	9.41946084466604e-10
SRS077849_38.hgm	diagnosis	CD	-0.19811451249258	0.0302848229553453	1316	466	8.72256178835999e-11	1.26220599996268e-09
ERS537247_14.hgm	diagnosis	CD	-0.125803421813343	0.0195363209701253	1316	175	1.76487834645631e-10	2.48091470416144e-09
X349741.6.patric	diagnosis	CD	-0.107739636002222	0.0167688298808521	1316	192	2.02964770610743e-10	2.77385186501349e-09
ERS473180_17.hgm	diagnosis	CD	-0.141217855998847	0.0222774449825716	1316	167	3.27981516320225e-10	4.3612677305284e-09
X1263072.3.patric	antibiotics	Yes	-0.202452381550021	0.0322254617608761	1316	479	4.53819858665022e-10	5.87577290692607e-09
ERS608519_39.hgm	diagnosis	UC	-0.233013006660335	0.0370758448476222	1316	434	4.70714090852246e-10	5.93823929998218e-09
SRS050026_15.hgm	diagnosis	CD	-0.167225808951583	0.0268893269438759	1316	518	6.75772247742256e-10	8.31199864722975e-09
ERS473122_41.hgm	diagnosis	UC	-0.153179999707914	0.0246772025899681	1316	364	7.47637921512809e-10	8.75804422343576e-09
SRS050026_15.hgm	diagnosis	UC	-0.176521390714358	0.0284596430696225	1316	518	7.46045798615768e-10	8.75804422343576e-09
ERS608606_84.hgm	age	age	0.00559383535679195	0.000906807413089423	1316	203	1.05660882189335e-09	1.20895707063147e-08
ERS537221_53.hgm	diagnosis	UC	-0.135809970614736	0.0220771573573135	1316	185	1.39763710918072e-09	1.56281240390207e-08
X59620.24.patric	diagnosis	CD	-0.118158296725994	0.0194473470923426	1316	136	1.67385784134993e-09	1.83008457320926e-08
X1263105.3.patric	antibiotics	Yes	-0.268891637572606	0.044761620388923	1316	534	2.44636054193309e-09	2.61654214485017e-08
SRS019910_14.hgm	diagnosis	UC	-0.144624466746627	0.0244141505344714	1316	365	4.96148405976463e-09	5.19372373915787e-08
SRS050752_17.hgm	diagnosis	UC	-0.133273821389957	0.0227020506541892	1316	168	5.5404292290697e-09	5.67893995979644e-08
SRS098717_4.hgm	diagnosis	CD	-0.146325522208546	0.024984097523524	1316	618	5.97097872288162e-09	5.99535006460767e-08
SRS294930_28.hgm	diagnosis	UC	0.153542733802292	0.0262379771540249	1316	197	6.14641829211479e-09	6.04807559944095e-08
X1262754.3.patric	diagnosis	CD	-0.1555492492147	0.026786082993312	1316	321	7.98026678609633e-09	7.69861031129293e-08
X1262754.3.patric	age	age	0.00539683460412518	0.000938367273753586	1316	321	1.1395026424656e-08	1.0781448078713e-07
SRS104400_3.hgm	antibiotics	Yes	-0.208073915229292	0.0363025727899811	1316	523	1.23526248431648e-08	1.14669649487492e-07
X927665.4.patric	age	age	0.00328205599598529	0.00056932968787997	1316	135	1.55377986198135e-08	1.41566609647189e-07
ERS473122_41.hgm	diagnosis	CD	-0.132350698779439	0.0232492344501561	1316	364	1.62619330859549e-08	1.45470383241633e-07
SRS1596798_81.hgm	diagnosis	UC	0.144695680046145	0.0257703190094678	1316	227	2.40644813080722e-08	2.11423657206634e-07
SRS142712_3.hgm	antibiotics	Yes	-0.223286660510467	0.0407003796228453	1316	790	4.93519127125002e-08	4.25984930781581e-07
X1263105.3.patric	diagnosis	CD	-0.186159195816214	0.0339602285841466	1316	534	5.24894970580275e-08	4.45255733664647e-07
X702446.3.patric	diagnosis	CD	-0.146486603433846	0.026786112863609	1316	1130	5.46023866417163e-08	4.55328376741092e-07
X1897011.3.patric	diagnosis	CD	-0.151325859229531	0.0277767258270535	1316	431	6.08814648105977e-08	4.99228011446901e-07
ERS537219_61.hgm	antibiotics	Yes	-0.288349432337467	0.0533273291368688	1316	710	7.66841954400027e-08	6.18502035352153e-07
X649756.4.patric	age	age	0.00411890481555529	0.000765473230848008	1316	181	9.13177587202082e-08	7.24650601457136e-07
SRS294989_46.hgm	diagnosis	CD	-0.128224105052436	0.0240580717487996	1316	233	1.15800051072028e-07	9.04343255991076e-07
ERS537240_18.hgm	antibiotics	Yes	-0.252368505138936	0.0473824040696605	1316	640	1.18528056410859e-07	9.11184433658478e-07
X59620.24.patric	diagnosis	UC	-0.109710557062516	0.0206146148500949	1316	136	1.21801044806117e-07	9.21940216070918e-07
SRS295012_18.hgm	diagnosis	UC	0.126567116657062	0.0238124297354814	1316	232	1.27559286360271e-07	9.50896498322018e-07
SRS373206_4.hgm	diagnosis	UC	-0.166311240118055	0.0313524240438744	1316	806	1.33024381704312e-07	9.76835758186889e-07
X742821.3.patric	age	age	-0.00536064244831626	0.00101447832572783	1316	229	1.86002015999607e-07	1.32824565869417e-06
SRS1596849_88.hgm	diagnosis	CD	-0.11042808683161	0.0210252186812742	1316	156	1.86278354572963e-07	1.32824565869417e-06
X1952006.3.patric	diagnosis	CD	-0.234198008433613	0.044397447876687	1316	691	1.95580036273235e-07	1.37464825494902e-06
SRS1735557_8.hgm	antibiotics	Yes	-0.201792161272967	0.0386468471577394	1316	539	2.06651869759268e-07	1.43201013974028e-06
ERS608530_15.hgm	diagnosis	UC	0.128116266787754	0.02453558572413	1316	240	2.10890649905402e-07	1.44108610768691e-06
X469591.4.patric	age	age	0.00666825996935717	0.00127819158012498	1316	945	2.35886819923109e-07	1.56959027897073e-06
SRS020233_5.hgm	diagnosis	UC	-0.111376817188842	0.0214347582590963	1316	365	2.3607658667446e-07	1.56959027897073e-06
X1262947.3.patric	diagnosis	CD	-0.0859132156534503	0.0165714327010476	1316	183	2.55982579375159e-07	1.67924572070104e-06
X246787.5.patric	diagnosis	UC	-0.161237298771583	0.0312247870553159	1316	367	2.79916703004717e-07	1.81209234050422e-06
ERS235534_25.hgm	diagnosis	CD	-0.0831920795422444	0.0156876664611828	1316	149	2.96591850238702e-07	1.89510636775898e-06
X2654588179.img	diagnosis	CD	-0.158409273089016	0.0288882856796664	1316	817	3.19334749514386e-07	1.98876831343137e-06
ERS537247_14.hgm	diagnosis	UC	-0.106529444618315	0.0207206187826927	1316	175	3.17502893922249e-07	1.98876831343137e-06
SRS475693_1.hgm	diagnosis	UC	-0.11805388545933	0.0230306748844572	1316	146	3.40824612988264e-07	2.09607136987782e-06
X1952006.3.patric	diagnosis	UC	-0.241108025067331	0.046800348461837	1316	691	3.5249210587438e-07	2.14106316160734e-06
SRS144714_48.hgm	diagnosis	CD	-0.126468914109819	0.024764648801735	1316	163	3.76512370674741e-07	2.25907422404844e-06
SRS1735557_8.hgm	diagnosis	CD	0.149783209934892	0.0293703433104286	1316	539	3.91919198937802e-07	2.32318368526986e-06
X208479.8.patric	diagnosis	UC	0.169261618810965	0.0335860967276462	1316	553	5.40054387342671e-07	3.12596186555993e-06
SRS311548_12.hgm	diagnosis	CD	0.156741902373945	0.0310960479609981	1316	821	5.38731186418082e-07	3.12596186555993e-06
X1650661.3.patric	age	age	-0.00378630233841459	0.000754317619435141	1316	372	5.97020147902694e-07	3.41551061358285e-06
ERS537221_53.hgm	age	age	0.00476167476990887	0.000567611369698926	1316	185	7.74720233920587e-07	4.38117649527505e-06
ERS537183_49.hgm	diagnosis	CD	-0.11462107690792	0.0230937006465321	1316	141	7.95117311081751e-07	4.39547996687889e-06
SRS311548_12.hgm	diagnosis	UC	0.163591165415535	0.0329637065191383	1316	821	7.92311172555359e-07	4.39547996687889e-06
ERS537240_18.hgm	age	age	-0.00622054617519533	0.00124054877263649	1316	640	8.30817194252088e-07	4.54180066191141e-06
ERS473331_31.hgm	age	age	0.00277720480570506	0.000548152551834515	1316	142	1.16879194321442e-06	6.31918281386255e-06
X28116.19.patric	diagnosis	CD	-0.168626847120207	0.0345867168928235	1316	1083	1.24322733233743e-06	6.64856355989146e-06
ERS537240_18.hgm	diagnosis	CD	-0.177074290170408	0.0363820312486308	1316	640	1.27885637057688e-06	6.7655627346648e-06
SRS1596872_171.hgm	diagnosis	UC	-0.145076412468507	0.0300687029432019	1316	362	1.56822746439438e-06	8.20816928172377e-06
ERS537180_31.hgm	diagnosis	UC	0.102407388119971	0.0213594693982041	1316	166	1.82037765372501e-06	9.42764005929162e-06
ERS537229_8.hgm	diagnosis	CD	-0.183170448605598	0.0383142999066887	1316	660	2.09380808647002e-06	1.07307664431589e-05
SRS098061_38.hgm	diagnosis	CD	-0.12514797659412	0.0263644731588102	1316	454	2.29487369963042e-06	1.16399779403935e-05
SRS077502_20.hgm	age	age	-0.00487236596114504	0.00102608330019792	1316	891	2.46375945372307e-06	1.23690780737934e-05
SRS019910_14.hgm	diagnosis	CD	-0.107921723037506	0.0228867198053698	1316	365	3.16220378115926e-06	1.57151945487915e-05
ERS396406_17.hgm	diagnosis	CD	-0.193841099581533	0.0415170562715611	1316	931	3.40952041285714e-06	1.67748404312571e-05
X1650661.3.patric	diagnosis	UC	-0.105958909893386	0.02272692273038	1316	372	3.44949367541987e-06	1.68034741416493e-05
SRS373206_4.hgm	diagnosis	CD	-0.137715096937691	0.0296006236255792	1316	806	3.63364091149564e-06	1.75269738083907e-05
X2562617057.img	diagnosis	CD	0.160619127437915	0.034949474130844	1316	471	4.74780768896636e-06	2.26788483783636e-05
SRS049402_2.hgm	age	age	0.00286348826987254	0.000530982312111631	1316	259	5.12522752537242e-06	2.42462686777234e-05
X665951.3.patric	diagnosis	CD	0.107110410812414	0.0234689670747354	1316	407	5.51652892347905e-06	2.58488783843018e-05
ERS396406_17.hgm	diagnosis	UC	-0.200167391006858	0.0439245601397475	1316	931	5.75369351169443e-06	2.67058227146572e-05
X1432052.9.patric	age	age	0.00260358481742917	0.000527190708412892	1316	154	6.69159462646366e-06	3.07688276282254e-05
ERS473122_41.hgm	antibiotics	Yes	-0.138498939160668	0.0306521901894542	1316	364	6.7966829828438e-06	3.0962666921844e-05
ERS235534_25.hgm	diagnosis	UC	-0.0767405371297756	0.0168255909418605	1316	149	7.17744879054391e-06	3.23972917885101e-05
SRS075878_45.hgm	antibiotics	Yes	-0.167329191884408	0.0371688669989145	1316	659	7.33972784356388e-06	3.28286009003039e-05
SRS020233_5.hgm	diagnosis	CD	-0.0906961808699336	0.0202624878365585	1316	365	8.27024617138826e-06	3.66573073542615e-05
X1262947.3.patric	diagnosis	UC	-0.0782669205555364	0.0175766895959328	1316	183	9.24324490526668e-06	4.06042544052786e-05
ERS396436_36.hgm	antibiotics	Yes	-0.234254382633297	0.0527553423465113	1316	599	9.76316120032004e-06	4.25086310668802e-05
X709991.3.patric	diagnosis	UC	-0.0873536399105942	0.0196817780433349	1316	646	1.00842505021454e-05	4.35215021671539e-05
SRS143991_10.hgm	diagnosis	UC	-0.0709466622816917	0.0160432494022856	1316	211	1.17488158445047e-05	5.02644990912723e-05
ERS608550_64.hgm	age	age	0.00256702727424447	0.000584008961909291	1316	140	1.20948368649674e-05	5.12987908410688e-05
SRS098061_38.hgm	antibiotics	Yes	-0.150930945828831	0.0343918291822174	1316	454	1.23348733438604e-05	5.18697238049516e-05
X1263074.4.patric	diagnosis	CD	-0.129103955318853	0.0294423636321501	1316	335	1.25492488215033e-05	5.23239866116917e-05
SRS098061_38.hgm	diagnosis	UC	-0.121710854358089	0.0278833690421961	1316	454	1.37192074407843e-05	5.67214290829066e-05
ERS473331_31.hgm	diagnosis	UC	-0.0763923704538086	0.0176298753045946	1316	142	1.58895715087608e-05	6.51472431859192e-05
SRS1596798_70.hgm	age	age	-0.00339622387791202	0.000785457794739173	1316	813	1.83683460753364e-05	7.46878204054999e-05
SRS050752_17.hgm	age	age	-0.00314907493930031	0.000720116709526097	1316	168	1.93593703973997e-05	7.80722150452511e-05
ERS396436_36.hgm	age	age	-0.00575973695186437	0.00131433998265175	1316	599	2.09302716113574e-05	8.37210864454298e-05
X1262992.3.patric	diagnosis	UC	-0.0880022920002115	0.0208632766759257	1316	227	2.69234607478649e-05	0.000106825344257657
X246787.5.patric	diagnosis	CD	-0.124108090510443	0.029533370101531	1316	367	2.82314046892582e-05	0.00011111880885692
ERS608550_64.hgm	diagnosis	UC	0.0740284156186117	0.0176306041800731	1316	140	2.86512860752849e-05	0.000111876450389208
SRS311548_12.hgm	age	age	-0.0044803817421152	0.00103356391410243	1316	821	2.93763694004368e-05	0.000113804517677283
X1263070.3.patric	diagnosis	UC	0.124658966438861	0.02974462752918	1316	317	2.96528397089708e-05	0.000113978102631356
X1262889.3.patric	antibiotics	Yes	-0.174532415469077	0.0417638805059956	1316	355	3.12336944376219e-05	0.000119123857855116
SRS077552_27.hgm	diagnosis	UC	-0.148553615493165	0.03566712557881	1316	880	3.32532495965843e-05	0.000125850760011688
SRS144714_48.hgm	diagnosis	UC	-0.108779000385082	0.0262028517489842	1316	163	3.51967620646391e-05	0.000132189365922156
X999410.3.patric	diagnosis	CD	0.0756169963332945	0.0184204120655381	1316	163	4.35581237731611e-05	0.000162353006790873
ERS537293_53.hgm	antibiotics	Yes	-0.16351000359668	0.040148458717075	1316	363	4.92952754637716e-05	0.000182355455099065
ERS537293_53.hgm	age	age	-0.00433797720104706	0.00106277657450459	1316	363	4.98739764148021e-05	0.000183119376090169
ERS396428_22.hgm	diagnosis	UC	-0.107974432825537	0.0265577151368286	1316	395	5.12660544377036e-05	0.000186836287284075
ERS537183_49.hgm	diagnosis	UC	-0.0994131939865719	0.0245736745486055	1316	141	5.54354474823304e-05	0.000200545883539019
X28116.19.patric	diagnosis	UC	-0.141100075506988	0.0349943839377363	1316	1083	5.90050412649283e-05	0.000211901316075509
ERS396428_22.hgm	diagnosis	CD	-0.10082463678744	0.0250012129579319	1316	395	5.94898075985986e-05	0.000212094096655873
ERS473331_31.hgm	diagnosis	CD	-0.0667057692800604	0.0166246614408184	1316	142	6.39112038753716e-05	0.000226218074148797
X765821.5.patric	diagnosis	UC	0.123980736292636	0.0310002747122876	1316	577	6.70927511640818e-05	0.000235783096948059
SRS015663_20.hgm	diagnosis	CD	-0.0758141920834342	0.0191033793155036	1316	274	7.76593496243183e-05	0.000270981560391238
ERS608519_39.hgm	antibiotics	Yes	-0.181250257092633	0.0458436075995655	1316	434	8.11693214352544e-05	0.000281234550324966
ERS235560_81.hgm	diagnosis	CD	-0.132734898491291	0.0339830848221068	1316	577	9.87861916058014e-05	0.000339879764126254
X1262889.3.patric	diagnosis	CD	-0.123386621975456	0.0316476531986438	1316	355	0.000103043277112847	0.00035206453013556
SRS049402_2.hgm	diagnosis	CD	-0.0687375006174435	0.0176689787866842	1316	259	0.000108940922450003	0.000365883859316647
SRS077502_20.hgm	diagnosis	UC	-0.121593267238251	0.031331752095652	1316	891	0.000109318957966559	0.000365883859316647
SRS077552_27.hgm	antibiotics	Yes	-0.170773662538556	0.0439969454063647	1316	880	0.000109072044072068	0.000365883859316647
X927665.4.patric	diagnosis	UC	-0.0684395969419676	0.0176510198374278	1316	135	0.000110898633315658	0.000368663024265564
SRS1735456_15.hgm	age	age	0.0040039641160852	0.000971178469202682	1316	280	0.000131592556561299	0.00043452038810845
ERS396509_31.hgm	antibiotics	Yes	-0.158795550415417	0.0415662424164246	1316	474	0.000139594560623937	0.000457870158846512
ERS537369_59.hgm	diagnosis	UC	-0.084073186256673	0.0221508694154965	1316	139	0.00015417189747065	0.000502334924209005
X28116.19.patric	age	age	-0.0042988985076709	0.00112732318642531	1316	1083	0.0001554560627502	0.000503186729428278
X1073375.3.patric	age	age	-0.0042835210716518	0.000961433067954479	1316	357	0.000166571712163617	0.000535642368526141
SRS295012_18.hgm	diagnosis	CD	0.0843615895098601	0.0224340646675799	1316	232	0.000179057512005526	0.000572053869524148
SRS294956_23.hgm	diagnosis	UC	-0.0878022576621513	0.0233479291245435	1316	240	0.000183358292385633	0.000582014708733752
ERS537194_38.hgm	age	age	0.00400816384330788	0.000555080209901037	1316	383	0.00023127980276811	0.000724774923324267
SRS1596800_42.hgm	diagnosis	UC	-0.146595404459196	0.039656504576862	1316	452	0.000230460775790578	0.000724774923324267
SRS077849_38.hgm	antibiotics	Yes	-0.145742092014069	0.0395004056876136	1316	466	0.000233868035723084	0.000728247301112389
ERS537233_63.hgm	diagnosis	CD	-0.128892278197288	0.0349838118446236	1316	523	0.000241003221459304	0.000745745817345771
ERS537252_4.hgm	age	age	0.00194580247857316	0.000526474485642565	1316	133	0.000261256936073322	0.000803365078425465
SRS294989_46.hgm	age	age	0.00308004927667242	0.000842880970579176	1316	233	0.000269834523592812	0.000824587488246358
X1897011.3.patric	antibiotics	Yes	-0.1320555673036	0.036194206073183	1316	431	0.000274208200798684	0.000827671379097868
SRS476023_14.hgm	age	age	-0.00284348410638536	0.000765480702024367	1316	244	0.000274004353543625	0.000827671379097868
X349741.6.patric	antibiotics	Yes	-0.0802780485803045	0.0221640544361951	1316	192	0.000303589945068053	0.00091076983520416
X59620.24.patric	age	age	0.00236292219102855	0.00064644793819019	1316	136	0.000366451373950164	0.00109269136959685
X1263070.3.patric	age	age	0.00348758750717052	0.000977665761965333	1316	317	0.000380773925463291	0.00112855886342132
SRS1596807_67.hgm	antibiotics	Yes	-0.149672545002375	0.0420387566283096	1316	248	0.000384428499112031	0.00113256779379113
ERS537369_59.hgm	diagnosis	CD	-0.0740847770731268	0.0209544547660529	1316	139	0.000421391765565	0.00123407588486893
X665951.3.patric	antibiotics	Yes	0.107704065724371	0.0307458381069	1316	407	0.000475574960441137	0.00138451408601799
ERS537233_63.hgm	diagnosis	UC	-0.129424187229858	0.0370899542036114	1316	523	0.000501883479294437	0.00145250983419331
SRS076929_37.hgm	age	age	-0.00253844870912964	0.000692336638145148	1316	147	0.000535861553985042	0.00154177710269381
SRS1735456_15.hgm	diagnosis	UC	-0.1118189011145	0.0322654843484887	1316	280	0.000549490487357678	0.00157179837081382
X1297617.4.patric	diagnosis	UC	0.0373990925187479	0.0108827744052543	1316	150	0.000607888472336552	0.00172879264965077
X1263072.3.patric	diagnosis	CD	0.0815182229497098	0.0237397482282965	1316	479	0.000656224954577129	0.00185553263018361
X483215.6.patric	diagnosis	UC	-0.0730294487896853	0.021582958881984	1316	218	0.000737729477079829	0.00207407372984729
X2562617057.img	age	age	0.004024644195524	0.00118449137718081	1316	471	0.000766209726543458	0.00214190446283739
SRS1735456_15.hgm	diagnosis	CD	-0.102369206377934	0.030395966162977	1316	280	0.00078881725104284	0.00219264456222078
SRS077502_20.hgm	antibiotics	Yes	-0.129783440261385	0.0386658177578014	1316	891	0.000812056704216506	0.00224456122738495
ERS537229_8.hgm	antibiotics	Yes	-0.169359436042178	0.0505354732692601	1316	660	0.000827801127168999	0.00227529695288909
X1262947.3.patric	age	age	0.00185340762393388	0.000544262515588226	1316	183	0.000877312433628606	0.00239625022535002
SRS820594_22.hgm	diagnosis	CD	-0.0799332223351114	0.0239029515552258	1316	452	0.000881547339000718	0.00239625022535002
ERS537229_8.hgm	diagnosis	UC	-0.135176898556912	0.0407837642369032	1316	660	0.000952580764930833	0.00257510844146137
ERS537188_55.hgm	age	age	0.00169559503087043	0.000509490764828185	1316	145	0.000975633989318344	0.0026230159712821
X2654588179.img	diagnosis	UC	-0.104620067899121	0.0312141522001178	1316	817	0.000984857205185625	0.00263342252690939
ERS473180_17.hgm	age	age	0.00247554880814727	0.000739015718498463	1316	167	0.000997355837900744	0.00265242741755225
X246787.5.patric	age	age	-0.00340445921819436	0.00103538773807939	1316	367	0.00103885217280596	0.00274793155387382
SRS1719444_21.hgm	age	age	0.00343850423976378	0.00104354401236802	1316	408	0.00110755678352816	0.00291399966575324
SRS075878_45.hgm	diagnosis	UC	-0.0954833062137254	0.0300977196597733	1316	659	0.00154710824564533	0.00404881519605055
ERS608550_64.hgm	diagnosis	CD	0.0526262358382106	0.0166739140727225	1316	140	0.00163505324257385	0.00425632907590654
X1262992.3.patric	diagnosis	CD	-0.06159684285688	0.0195997906308596	1316	227	0.00173642192208598	0.00449140398237365
ERS631833_15.hgm	diagnosis	UC	-0.062032414407575	0.0197723563938019	1316	197	0.00174361414762879	0.00449140398237365
ERS537188_55.hgm	diagnosis	UC	-0.0496437847052768	0.0158986997480053	1316	145	0.00183322213956835	0.0046976317326439
ERS396509_31.hgm	age	age	0.00345240193986326	0.00111212498925343	1316	474	0.00196173890684137	0.00500090954490133
SRS049402_2.hgm	antibiotics	Yes	-0.0727031515359026	0.0235649864134747	1316	259	0.00207691744341004	0.00526723392864815
X1263107.3.patric	diagnosis	UC	0.0818555038483697	0.0266781215555683	1316	283	0.0022325102120357	0.00563279499652083
SRS475693_1.hgm	antibiotics	Yes	-0.0864617415321617	0.0284189381516969	1316	146	0.00239410007396036	0.00600967977749233
ERS537219_61.hgm	diagnosis	CD	-0.124388491284199	0.0408856431980464	1316	710	0.00241609253772408	0.00603409912974744
X657309.4.patric	age	age	-0.00244839487469955	0.000764474662171236	1316	734	0.00250674221568862	0.0062288745965596
SRS076929_37.hgm	diagnosis	CD	-0.0654233655804395	0.0216653109162114	1316	147	0.00259735682748736	0.00642160582474262
SRS295012_18.hgm	antibiotics	Yes	0.0889246547289076	0.029579294159599	1316	232	0.00269505526680939	0.00662983595635109
X349741.6.patric	age	age	0.00165055547899923	0.000533525200859708	1316	192	0.00281018242617479	0.00687865549093531
X1263072.3.patric	age	age	-0.00230719142661474	0.000644066779224403	1316	479	0.00291938535354557	0.00711058214823969
SRS1719444_21.hgm	antibiotics	Yes	-0.119025225762499	0.0401787563350858	1316	408	0.00310813503681087	0.00753301693650713
X2562617057.img	diagnosis	UC	0.10942964943435	0.0369965242468334	1316	471	0.0031548843522995	0.00760883873201643
X1650661.3.patric	antibiotics	Yes	-0.0827896834100448	0.0280170799342268	1316	372	0.00318338178604942	0.0076401162865186
X1263073.3.patric	diagnosis	UC	0.0545121400418448	0.0184541582177092	1316	181	0.00320418139766276	0.00765270508567998
SRS294956_23.hgm	diagnosis	CD	-0.0646488643684553	0.0218920179562823	1316	240	0.00329298529990735	0.00782680564035951
ERS631833_15.hgm	age	age	0.00186665771386043	0.000633317818045173	1316	197	0.00341168106423957	0.00806993790195129
X2654588179.img	age	age	0.0038444981636657	0.000658185678300708	1316	817	0.00378537103597558	0.00891101698421045
SRS475693_1.hgm	age	age	-0.00219152784666137	0.000755116943722218	1316	146	0.00380861541784674	0.00892304183609807
SRS017307_13.hgm	antibiotics	Yes	-0.112076815883225	0.0387542056439809	1316	781	0.00394443851148422	0.00919745851966937
ERS537219_61.hgm	diagnosis	UC	-0.124145336693877	0.0430906577925018	1316	710	0.0040426919244847	0.0093820963530494
X469610.4.patric	antibiotics	Yes	0.0849807471147027	0.0302013581262899	1316	378	0.00496970454880629	0.0113780494660671
ERS396428_22.hgm	antibiotics	Yes	-0.0930390906878605	0.0330458967291706	1316	395	0.00494437074939156	0.0113780494660671
ERS608493_46.hgm	diagnosis	UC	-0.0529938641126724	0.0188343534030724	1316	135	0.0049721151122041	0.0113780494660671
SRS332210_5.hgm	age	age	-0.00356620447295346	0.00129551460243815	1316	665	0.00634145372209527	0.0144444223669948
SRS1735679_4.hgm	antibiotics	Yes	-0.120723104691531	0.044657707866543	1316	1015	0.00695994197153238	0.0157801449308476
X1236512.3.patric	diagnosis	UC	-0.0595790026551996	0.022111200187415	1316	786	0.00728585564796465	0.0164433072421954
SRS332210_5.hgm	antibiotics	Yes	-0.117489407587649	0.0437456717193431	1316	665	0.0073670682438844	0.0165506738629732
X765821.8.patric	antibiotics	Yes	-0.109864991601939	0.041383975410262	1316	378	0.00803349154955288	0.0179658083744546
X765821.8.patric	age	age	-0.00287966140009787	0.00108125892938856	1316	378	0.00808915592731543	0.0180084376300416
X1432052.9.patric	antibiotics	Yes	0.0575863940637538	0.0221044559585635	1316	154	0.00928696117629073	0.0205819139582659
SRS1596800_42.hgm	antibiotics	Yes	-0.127982470635859	0.0495249908406558	1316	452	0.00986977171899837	0.0217754604742027
ERS396406_17.hgm	age	age	0.00365052318943654	0.00140561832103315	1316	931	0.0101356128570624	0.0222621496681906
SRS015663_20.hgm	diagnosis	UC	-0.0519965652383056	0.0202986150656283	1316	274	0.0105504424855557	0.0230703009017484
SRS142712_3.hgm	diagnosis	UC	-0.0834717683989263	0.0330164975697656	1316	790	0.0115830396028059	0.0252161747105332
SRS021219_12.hgm	diagnosis	UC	0.0415088447492206	0.0164578282833879	1316	154	0.0117830937170706	0.0255386877039591
ERS235564_44.hgm	age	age	0.00274601546611609	0.0010991525719752	1316	426	0.0134774865604361	0.0290829973146252
SRS144714_48.hgm	antibiotics	Yes	-0.0792354483305783	0.0322549691467886	1316	163	0.0141588972037893	0.0304199887522461
SRS076929_37.hgm	diagnosis	UC	-0.0560860774760687	0.0230015371746824	1316	147	0.014909771066226	0.0318939450634052
SRS020233_5.hgm	age	age	0.00171146349501233	0.000703205024161526	1316	365	0.015152985496527	0.0322738911874081
X246787.5.patric	antibiotics	Yes	-0.0935452955001438	0.0386689441423267	1316	367	0.0156948869589	0.0332839844128396
ERS537293_53.hgm	diagnosis	CD	-0.0738948171383981	0.0307423117654713	1316	363	0.0163707717568585	0.0345683249114779
SRS294956_23.hgm	antibiotics	Yes	-0.0700682191535806	0.0293343916771155	1316	240	0.0170544274937048	0.035858027038046
X1073375.3.patric	diagnosis	CD	0.0720961487245288	0.0303582809989682	1316	357	0.0178332561028054	0.0373360085216182
ERS537233_63.hgm	antibiotics	Yes	-0.108395018125973	0.0460018561761322	1316	523	0.0186049036551029	0.0387864940606382
ERS608530_15.hgm	diagnosis	CD	0.0544027763799223	0.0231220066377585	1316	240	0.0188270336981823	0.0390839686898975
ERS608519_39.hgm	age	age	-0.00268503179685935	0.00111742210731618	1316	434	0.0193132683345244	0.039924907649521
SRS1596798_81.hgm	age	age	-0.00193739390097388	0.000833420819618878	1316	227	0.0205700780104823	0.0422305803728484
SRS294930_28.hgm	diagnosis	CD	0.0561632407834938	0.0242284185445199	1316	197	0.0206002831087066	0.0422305803728484
X1297617.4.patric	antibiotics	Yes	-0.0310733003354567	0.013444547817266	1316	150	0.0209765949979991	0.0428235881286953
X702446.3.patric	age	age	0.00213159666943556	0.00092196422181558	1316	1130	0.0212325444822296	0.0431669912613923
X1432052.9.patric	diagnosis	UC	0.040735858124007	0.0177495863028609	1316	154	0.0219175975686067	0.044376370385821
X1263105.3.patric	diagnosis	UC	-0.0825007303819849	0.0360429938365712	1316	534	0.0222570797344547	0.0448790296284905
X28116.19.patric	antibiotics	Yes	-0.101862141268115	0.04464568087123	1316	1083	0.0227003472702364	0.0455860034977809
SRS1596872_171.hgm	age	age	-0.00221324312905554	0.000969398608923856	1316	362	0.0229630822800492	0.0459261645600985
X1236512.3.patric	diagnosis	CD	-0.0481223239463351	0.0211475983862095	1316	786	0.0235019893219226	0.0468136791351657
ERS537197_59.hgm	diagnosis	UC	-0.0471540765066929	0.0208875183821098	1316	254	0.0246979052493924	0.0489974571883108
X649756.4.patric	diagnosis	UC	0.0518487346144775	0.023159374392897	1316	181	0.0253388023030706	0.0500670310566697
ERS473051_14.hgm	antibiotics	Yes	-0.0523484852953086	0.0234801559169513	1316	176	0.0259523036996909	0.0510741336809917
X59620.24.patric	antibiotics	Yes	-0.0565128315688214	0.0254337992577455	1316	136	0.0264589190561824	0.0518636979109233
X1263074.4.patric	age	age	0.00224563801560511	0.00101240010758005	1316	335	0.0269591606128614	0.0526345516727294
X457421.5.patric	diagnosis	CD	0.025836785352727	0.0117245497477313	1316	176	0.0278266398425172	0.0541134656226026
X46503.4.patric	diagnosis	UC	0.058103893913038	0.0264711756129375	1316	691	0.0283406986896929	0.054896156517043
ERS537292_27.hgm	antibiotics	Yes	-0.0657997059118465	0.0306270056185722	1316	193	0.0318647474268848	0.0612400614610443
SRS1596807_67.hgm	diagnosis	CD	0.0680007428902948	0.0316138415966668	1316	248	0.0317692744947789	0.0612400614610443
X665951.3.patric	age	age	0.00169938620751327	0.000793119443073733	1316	407	0.0329813010000662	0.0631392999689982
SRS1596798_70.hgm	antibiotics	Yes	-0.06363991285069	0.0298640104346091	1316	813	0.0332772660918362	0.0634589725472226
X208479.8.patric	antibiotics	Yes	0.0887556736528638	0.0417846689201188	1316	553	0.0338486838326572	0.0642994302921519
SRS1596807_67.hgm	diagnosis	UC	-0.0712840046897724	0.0335953554939043	1316	248	0.0341046523795651	0.064536496041331
X1263074.4.patric	diagnosis	UC	0.0655839828597671	0.0311869412489255	1316	335	0.0356646471349294	0.0669733068335315
ERS396465_42.hgm	diagnosis	CD	0.0500169369542882	0.0237657734785007	1316	278	0.0355642310734318	0.0669733068335315
SRS476024_18.hgm	antibiotics	Yes	-0.0913657216324195	0.043588833395038	1316	325	0.0362694521925795	0.0678500778659663
ERS537229_8.hgm	age	age	0.00257492793442686	0.00119369309724296	1316	660	0.0382862690603294	0.0713516832487958
SRS294989_46.hgm	diagnosis	UC	-0.0524735292643526	0.0254380819374138	1316	233	0.0393303384218712	0.0730208547304174
SRS1596849_88.hgm	antibiotics	Yes	-0.0570783107215743	0.0277502932886739	1316	156	0.0398994493031992	0.0737989814179475
SRS019910_14.hgm	age	age	0.00148275525701011	0.000665438941122138	1316	365	0.0407068706308141	0.0750104132972305
ERS631833_15.hgm	diagnosis	CD	-0.0381159404681477	0.0186702850860023	1316	197	0.0414056706246817	0.0760133953259082
X1650661.3.patric	diagnosis	CD	-0.0437422799477518	0.0214956957947508	1316	372	0.0420601153930982	0.0765587554697545
X39488.4.patric	diagnosis	UC	0.0539764712449757	0.0265146913998872	1316	253	0.0419813889851855	0.0765587554697545
ERS537197_59.hgm	age	age	0.00115481296995874	0.000464952277902394	1316	254	0.0421695583989908	0.0765587554697545
ERS537292_27.hgm	diagnosis	UC	0.0498277705485118	0.0246094158699392	1316	193	0.0431326230668215	0.0780193034885153
SRS476024_18.hgm	diagnosis	CD	-0.0658014160923656	0.0326577937017558	1316	325	0.0442401583079541	0.0797295160714777
SRS076929_37.hgm	antibiotics	Yes	-0.0574530364882869	0.0286097867485761	1316	147	0.0448328360859753	0.0805027567675177
X1262889.3.patric	age	age	-0.00206433793502925	0.0010176846288155	1316	355	0.0462226216877674	0.082696472255933
SRS104400_3.hgm	age	age	-0.00193770943550972	0.000973704798333118	1316	523	0.0468391618266193	0.0834958971691909
X1263070.3.patric	diagnosis	CD	0.0558216854980974	0.0281312926170503	1316	317	0.0474298137621739	0.0842435681263161
X59620.13.patric	diagnosis	UC	0.0314806631291361	0.0159788032090797	1316	174	0.0490426452396996	0.0867948973306914
ERS396493_5.hgm	age	age	0.00109372542149233	0.000493134950765883	1316	196	0.052724414298897	0.0929763865055818
ERS537247_14.hgm	age	age	0.001251452702805	0.000642172748780264	1316	175	0.05357989468811	0.094147529237679
X1262947.3.patric	antibiotics	Yes	-0.0419233770506735	0.0217990473216903	1316	183	0.0546762184073215	0.095732026535239
X469591.4.patric	diagnosis	UC	0.0753148473245552	0.0392121072094291	1316	945	0.0549931098768447	0.0959454257425802
X1073375.3.patric	diagnosis	UC	-0.0612896485708931	0.0322383440611974	1316	357	0.0576028292411919	0.10014343458186
ERS396509_31.hgm	diagnosis	UC	-0.0636738850590023	0.033721483437358	1316	474	0.059217708132552	0.101871022381873
SRS021219_12.hgm	diagnosis	CD	-0.0294062767506639	0.0155640953791079	1316	154	0.0590649753476795	0.101871022381873
SRS075878_45.hgm	diagnosis	CD	-0.0537646321270979	0.0284381499479749	1316	659	0.0589054592847421	0.101871022381873
X469610.4.patric	diagnosis	UC	0.0461598027233256	0.0244742100985075	1316	378	0.0595097195361082	0.1020166620619
X2562617183.img	antibiotics	Yes	-0.0418212224777353	0.0222226704057255	1316	132	0.0600703957192688	0.102620259353751
SRS476023_14.hgm	diagnosis	UC	0.0452124922785291	0.024220025895432	1316	244	0.06217057809858	0.105840568942911
X59620.13.patric	antibiotics	Yes	0.0367771484256416	0.0197875387236678	1316	174	0.0633095005891274	0.107133605014717
SRS098061_38.hgm	age	age	-0.00170868365007056	0.000919264362908261	1316	454	0.0633656078440704	0.107133605014717
ERS235560_81.hgm	age	age	-0.00217212115868013	0.00116988007985658	1316	577	0.0638505732344198	0.107364061683505
ERS537188_55.hgm	antibiotics	Yes	-0.0364463456543661	0.0196562081687213	1316	145	0.0639383538074532	0.107364061683505
SRS1596798_81.hgm	diagnosis	CD	0.0450254751108437	0.0243401107586116	1316	227	0.0645672008781616	0.108051234122638
X765821.5.patric	age	age	0.0012038863370237	0.000651795734086368	1316	577	0.0649697222590961	0.108356282547374
X469591.4.patric	antibiotics	Yes	-0.0899274724315594	0.0488889086291571	1316	945	0.0660866760390313	0.109846772335147
SRS1596807_67.hgm	age	age	-0.00185929337344286	0.000984911267046818	1316	248	0.0676752221701651	0.112108448847546
ERS537197_59.hgm	diagnosis	CD	-0.0351676757243062	0.0193862203619108	1316	254	0.071334156947899	0.117393955350671
ERS537293_53.hgm	diagnosis	UC	-0.058703640726051	0.0325270489028703	1316	363	0.0713430744915664	0.117393955350671
ERS473051_14.hgm	age	age	0.00102314283195101	0.000549795341423966	1316	176	0.0725331905038195	0.118954432426264
ERS396465_42.hgm	antibiotics	Yes	-0.0562999052078818	0.0313585039313196	1316	278	0.0728278833125122	0.119040925547362
SRS294989_46.hgm	antibiotics	Yes	-0.0559396754613853	0.0313633962389551	1316	233	0.0747227129944608	0.121733691368459
ERS473180_17.hgm	antibiotics	Yes	-0.0518888331920195	0.0291831273957626	1316	167	0.0756312477129067	0.122807174504126
X702446.3.patric	diagnosis	UC	-0.0498322125170359	0.0283069814470781	1316	1130	0.078576065737578	0.127169159022659
X39488.4.patric	age	age	0.00150737486652349	0.000864456286849624	1316	253	0.0817209092974586	0.131825204506064
SRS143991_10.hgm	diagnosis	CD	-0.0260811308802636	0.0149894880185396	1316	211	0.0826908460355611	0.132953909312079
X1263107.3.patric	antibiotics	Yes	-0.0575413935678629	0.0335697448201275	1316	283	0.0867513204948024	0.139028174864634
X483215.6.patric	antibiotics	Yes	0.0457126834757856	0.0267546291092277	1316	218	0.0877655884272651	0.140196978916281
X1432052.9.patric	diagnosis	CD	0.0282022783336938	0.0167031592921362	1316	154	0.0916536507566221	0.145463213458897
SRS294930_28.hgm	age	age	0.000930314150264603	0.000551110571558761	1316	197	0.0916378769683642	0.145463213458897
SRS142712_3.hgm	diagnosis	CD	-0.0521953040916333	0.0311998668168157	1316	790	0.0945811863736161	0.14962682860392
ERS537252_4.hgm	diagnosis	CD	-0.025772009562796	0.0155376157302153	1316	133	0.0974300946428537	0.153148902761291
SRS050026_15.hgm	age	age	0.00153411886573396	0.000923384105611487	1316	518	0.0972855361491549	0.153148902761291
SRS372948_2.hgm	age	age	-0.000974233050595685	0.000553567772879407	1316	173	0.0984049804988315	0.154188695558679
ERS537194_38.hgm	diagnosis	UC	-0.039842647668103	0.0241265310802322	1316	383	0.0996853812919503	0.155206353150758
SRS332210_5.hgm	diagnosis	CD	-0.0643636236841005	0.039024263276258	1316	665	0.0994289991704212	0.155206353150758
ERS396436_36.hgm	diagnosis	UC	0.0700058653074645	0.0427602269437209	1316	599	0.101854719488405	0.158083665578219
X999410.3.patric	diagnosis	UC	-0.0317152419389643	0.0194439456176809	1316	163	0.103137681415278	0.159571507095336
ERS537183_49.hgm	antibiotics	Yes	-0.0494082012417218	0.0303737015710643	1316	141	0.104051955973424	0.160481386642397
SRS098717_4.hgm	antibiotics	Yes	-0.0568146249902202	0.0352049202471635	1316	618	0.106807614721837	0.164216707634825
SRS019910_14.hgm	antibiotics	Yes	-0.0492933321372942	0.0306913091735435	1316	365	0.108494468656202	0.166290587473058
X46503.4.patric	diagnosis	CD	-0.0401362288128436	0.0250321907295631	1316	691	0.109092548395271	0.166687993200228
X1697787.3.patric	diagnosis	CD	0.0225621394526974	0.0141110211171392	1316	147	0.110085196655797	0.167514840962505
SRS1596800_42.hgm	diagnosis	CD	-0.0596088278436455	0.0372899037777243	1316	452	0.110314651365552	0.167514840962505
X1263107.3.patric	age	age	-0.00120188002121538	0.000721157830388754	1316	283	0.112572653317908	0.169894924639296
X1952006.3.patric	antibiotics	Yes	-0.0729843746383717	0.0459238506449284	1316	691	0.112441904461812	0.169894924639296
SRS1719567_3.hgm	age	age	-0.00216405585035777	0.0013535613925874	1316	629	0.113267213137557	0.170420394078526
ERS608550_64.hgm	antibiotics	Yes	-0.0341460504581038	0.0217378188535277	1316	140	0.116469807256049	0.174704710884073
ERS537180_31.hgm	antibiotics	Yes	-0.0413141485213471	0.0263962775497554	1316	166	0.117791033051495	0.176149508393117
ERS235564_44.hgm	diagnosis	UC	-0.0545396666573707	0.0349890372007509	1316	426	0.119309423596521	0.177879504271177
SRS1596800_42.hgm	age	age	0.00181906622066896	0.00115038123264645	1316	452	0.122035010840427	0.181393430010545
SRS1596798_70.hgm	diagnosis	UC	0.037274096597192	0.024182975824573	1316	813	0.12347903208339	0.182986999352494
X445970.5.patric	antibiotics	Yes	-0.0466243341775922	0.0307346868458072	1316	678	0.129511527542193	0.191350365017295
X765821.8.patric	diagnosis	UC	-0.0505995555679775	0.0335942441299807	1316	378	0.132262282485526	0.194829470008619
ERS396428_22.hgm	age	age	-0.00119929082101473	0.000795330708084278	1316	395	0.136845118075332	0.200978501770339
X1262889.3.patric	diagnosis	UC	-0.0496513575581725	0.0336301449913313	1316	355	0.140112493303209	0.204852562006585
SRS142712_3.hgm	age	age	0.00160545621460641	0.00108782009893881	1316	790	0.140315677634591	0.204852562006585
SRS1735557_8.hgm	diagnosis	UC	0.0457459571504893	0.0310467255695741	1316	539	0.140873202517816	0.205058034434218
X46503.4.patric	age	age	0.00127795646152586	0.000874929260866132	1316	691	0.144412672367545	0.209590073170597
SRS143991_10.hgm	antibiotics	Yes	-0.0296103335523211	0.0203468208591813	1316	211	0.145832861911214	0.211028729589169
ERS537292_27.hgm	diagnosis	CD	0.0335658456148252	0.0231745278066741	1316	193	0.147834771646156	0.212674583771664
SRS077849_38.hgm	age	age	-0.00153214802102261	0.00105705652898363	1316	466	0.147530240978205	0.212674583771664
X1263073.3.patric	age	age	-0.000792828375826953	0.000542972427479147	1316	181	0.149446013926959	0.213742554802511
ERS537194_38.hgm	diagnosis	CD	-0.0324982472422457	0.0224328580605386	1316	383	0.149117642866999	0.213742554802511
ERS608493_46.hgm	diagnosis	CD	-0.025229401241866	0.017789006342527	1316	135	0.156360908197959	0.222984251691003
X649756.4.patric	antibiotics	Yes	-0.040177945783593	0.0285594336318522	1316	181	0.159720513713162	0.227117031060334
X1263107.3.patric	diagnosis	CD	0.0343407226260209	0.024999706967911	1316	283	0.170140845857664	0.241237164731904
X1297617.4.patric	diagnosis	CD	0.0140538462418817	0.0102806167870942	1316	150	0.171858641867171	0.242357629787257
ERS608606_84.hgm	diagnosis	UC	0.0377099993305928	0.0275894826195869	1316	203	0.171916286170229	0.242357629787257
SRS373206_4.hgm	antibiotics	Yes	-0.0527846307426664	0.0387746511349937	1316	806	0.173649167760273	0.244101115823013
ERS537194_38.hgm	antibiotics	Yes	0.0420639119929234	0.0310075801772949	1316	383	0.175153749630279	0.245514657601416
ERS537188_55.hgm	diagnosis	CD	-0.0200084803295202	0.0150128743117205	1316	145	0.182853815997694	0.255579765542232
SRS144714_48.hgm	age	age	0.00114973575619781	0.000863995372249732	1316	163	0.183589806123195	0.255881542811932
SRS820594_22.hgm	age	age	-0.000924046745589706	0.000677644290079173	1316	452	0.187202747785594	0.26018009014269
ERS235564_44.hgm	diagnosis	CD	-0.0432981982886438	0.0330067484293745	1316	426	0.189845640002379	0.263110013749777
ERS396465_42.hgm	diagnosis	UC	0.0328536247765894	0.0252318379996728	1316	278	0.193147856945397	0.266934678699818
X765821.5.patric	antibiotics	Yes	-0.0523582652963168	0.0404061219850412	1316	577	0.195274134418891	0.269117294493261
X657309.4.patric	diagnosis	CD	0.0317597162674785	0.0246043100506447	1316	734	0.19711821150629	0.270899888438812
SRS1596798_70.hgm	diagnosis	CD	0.0294382833289349	0.0228497552581622	1316	813	0.19785922356808	0.271160830071018
X1262992.3.patric	antibiotics	Yes	-0.0323787408068971	0.0260874247607018	1316	227	0.214769361388834	0.293518127231406
X2562617183.img	age	age	-0.000682178543826825	0.000551512809010619	1316	132	0.218464745969208	0.297741426639475
X1203465.3.patric	diagnosis	CD	-0.0201894119106837	0.0166129937152024	1316	227	0.224557026154567	0.305076617631619
SRS476023_14.hgm	diagnosis	CD	0.0277412771413978	0.0228560561856196	1316	244	0.225087016667231	0.305076617631619
SRS476024_18.hgm	diagnosis	UC	-0.0410477795198399	0.0346293543454165	1316	325	0.23615971478612	0.319204889216404
X469610.4.patric	age	age	-0.000940315503377195	0.000802068053051404	1316	378	0.241409036522823	0.325406153340353
SRS1719444_21.hgm	diagnosis	CD	-0.035918208090983	0.0307008366492853	1316	408	0.242247110933631	0.325643657320618
SRS295012_18.hgm	age	age	-0.000839761389535524	0.000725446346477619	1316	232	0.250489556652829	0.335806163142212
SRS820594_22.hgm	antibiotics	Yes	-0.0369229632132876	0.0321930855248931	1316	452	0.251624680381357	0.33641125746638
ERS396436_36.hgm	diagnosis	CD	0.0455236005784532	0.0403245845329308	1316	599	0.259163406689193	0.344617286732657
SRS020233_5.hgm	antibiotics	Yes	-0.0298863227532433	0.02644838095836	1316	365	0.258690398523332	0.344617286732657
X2654588179.img	antibiotics	Yes	-0.0454512498026651	0.0408105664872069	1316	817	0.265608748967706	0.351497897491739
SRS1735456_15.hgm	antibiotics	Yes	-0.0446232984000626	0.0400803153065653	1316	280	0.265766702981559	0.351497897491739
X1236512.3.patric	antibiotics	Yes	-0.0280902075720288	0.0258332975729589	1316	786	0.277365322291056	0.365854526989812
ERS537252_4.hgm	diagnosis	UC	0.0176703746186587	0.016455643635748	1316	133	0.283106113569124	0.372428363304837
SRS015663_20.hgm	antibiotics	Yes	-0.0269692248274906	0.0252744311257819	1316	274	0.286144679773508	0.375421819862842
SRS077552_27.hgm	age	age	-0.00119613249006742	0.00112814849262441	1316	880	0.290075905185167	0.379567407848676
X457421.5.patric	age	age	-0.000388993779022427	0.000366236136775436	1316	176	0.292908491585482	0.381245973174754
ERS396493_5.hgm	antibiotics	Yes	-0.0262476811824758	0.0249163280039202	1316	196	0.292338239697731	0.381245973174754
SRS1735557_8.hgm	age	age	-0.00105268106370213	0.00100253726329238	1316	539	0.294395606986474	0.382170550494315
X457421.5.patric	antibiotics	Yes	-0.0154553725393914	0.0152730489422073	1316	176	0.311774664951314	0.40366614514749
X59620.13.patric	age	age	-0.000509128482439776	0.000502807735908533	1316	174	0.312978050515835	0.404160632162181
X445970.5.patric	age	age	-0.00081482014379477	0.000809521354656254	1316	678	0.314617586251344	0.405214273391783
X2562617057.img	antibiotics	Yes	-0.045503923216331	0.0457469463113164	1316	471	0.320073734667385	0.410174902648088
SRS017307_13.hgm	age	age	-0.00100830411614275	0.00100691890346306	1316	781	0.320136509383874	0.410174902648088
X39488.4.patric	antibiotics	Yes	-0.0324187841004349	0.0327352975263439	1316	253	0.322196882753122	0.411742509907886
X59620.13.patric	diagnosis	CD	-0.014808018238165	0.0150759340106244	1316	174	0.326190235921013	0.415765792935592
X1697787.3.patric	diagnosis	UC	0.014518416726413	0.0152551510396283	1316	147	0.34142294418948	0.434057076333913
X1203465.3.patric	antibiotics	Yes	-0.0199721032746208	0.0210264165196191	1316	227	0.342391801225044	0.434166923202891
ERS537252_4.hgm	antibiotics	Yes	-0.0192400632974242	0.0203477032296661	1316	133	0.344546554031488	0.435776104327743
SRS294930_28.hgm	antibiotics	Yes	-0.0319638178855776	0.0341331873817195	1316	197	0.349218970216874	0.440553162427441
X1263074.4.patric	antibiotics	Yes	-0.0357887402234878	0.0383784438326538	1316	335	0.351240701887864	0.441970397260433
X649756.4.patric	diagnosis	CD	-0.0196490477623746	0.0219004287130049	1316	181	0.369778642777146	0.461754041234405
ERS473331_31.hgm	antibiotics	Yes	-0.0196453554608897	0.0218565198679728	1316	142	0.368908134336761	0.461754041234405
SRS1719567_3.hgm	diagnosis	CD	0.0381412709318448	0.0424871857534908	1316	629	0.369554236417832	0.461754041234405
ERS631833_15.hgm	antibiotics	Yes	-0.0218781674577145	0.024446407872702	1316	197	0.370982653479286	0.462084722814706
X890402.3.patric	diagnosis	CD	0.0254340932561821	0.0284952503542488	1316	298	0.37226641552288	0.462512819286003
X657319.15.patric	age	age	-0.000594827904963545	0.000673146114930408	1316	355	0.377702669385656	0.467138041260929
SRS1735679_4.hgm	age	age	-0.000872609323986986	0.000972626157663473	1316	1015	0.377888090288313	0.467138041260929
ERS235564_44.hgm	antibiotics	Yes	-0.0375817006896581	0.0426986664439484	1316	426	0.378938968239638	0.467263088656395
ERS608530_15.hgm	antibiotics	Yes	-0.0266697472168433	0.0304585806880823	1316	240	0.381405392288023	0.467958735675081
SRS1596872_171.hgm	antibiotics	Yes	-0.0325630639362618	0.0371332717367792	1316	362	0.38069002932582	0.467958735675081
ERS537221_53.hgm	antibiotics	Yes	-0.0242493367715155	0.0279496681731272	1316	185	0.385769347299875	0.472135619083429
SRS1735679_4.hgm	diagnosis	UC	0.0295418785274338	0.0350256154296549	1316	1015	0.399230011903554	0.487397433887218
SRS050752_17.hgm	antibiotics	Yes	-0.0234740958883211	0.0280928994605734	1316	168	0.403540137611113	0.491439969566009
X890402.3.patric	diagnosis	UC	0.0247666938946096	0.0301492691015294	1316	298	0.411537049185775	0.499941304196053
ERS537240_18.hgm	diagnosis	UC	-0.0319516756373353	0.0390754797235116	1316	640	0.413688400814266	0.501316978326647
X1203465.3.patric	age	age	0.000441060142227765	0.000540803127395642	1316	227	0.416434694460059	0.503405085194961
SRS015663_20.hgm	age	age	0.000467517418365888	0.000603939359410802	1316	274	0.441838981313808	0.532805830407827
X469610.4.patric	diagnosis	CD	-0.0176439637092495	0.023134566130873	1316	378	0.445800940538575	0.536269102065963
SRS1596849_88.hgm	diagnosis	UC	-0.0169688803609	0.0223273471069713	1316	156	0.447414445839492	0.53689733500739
X39488.4.patric	diagnosis	CD	-0.0189318175440712	0.0250670067117844	1316	253	0.450237953665916	0.538970981030732
ERS537180_31.hgm	diagnosis	CD	0.0151618424505908	0.0201739715289015	1316	166	0.452458049640768	0.540313981609849
SRS050026_15.hgm	antibiotics	Yes	-0.0258796370824378	0.0351484713554	1316	518	0.461684230507756	0.549996710435389
SRS1719567_3.hgm	diagnosis	UC	0.0330000231726045	0.0456814745200022	1316	629	0.470206737038651	0.558796412132889
X765821.8.patric	diagnosis	CD	0.0216342327702972	0.0316381601869619	1316	378	0.49422571065244	0.584516946252406
ERS608606_84.hgm	antibiotics	Yes	-0.0233117746627108	0.0340376086954607	1316	203	0.4935400702282	0.584516946252406
X709991.3.patric	age	age	-0.000387453206242823	0.000565144785173192	1316	646	0.497137115733768	0.586550266045597
X1697787.3.patric	age	age	-0.000215226790756075	0.000320746911527586	1316	147	0.502328491317257	0.591257458679642
X1897011.3.patric	age	age	0.000640995086462236	0.000976691597165574	1316	431	0.511758106052495	0.599488067090066
X208479.8.patric	age	age	0.000691046332192376	0.00104675283123344	1316	553	0.511305686133508	0.599488067090066
ERS608530_15.hgm	age	age	-0.000488292306445244	0.000752266878307193	1316	240	0.518772503921824	0.606261453514341
X1203465.3.patric	diagnosis	UC	0.0109412160496253	0.0171424753269254	1316	227	0.523448444647086	0.609546922172936
SRS098717_4.hgm	age	age	0.000361901668637731	0.000567894559256316	1316	618	0.524061683087707	0.609546922172936
X657319.15.patric	antibiotics	Yes	-0.0164345546732332	0.0260390816140109	1316	355	0.528053718107171	0.612741578558322
X1697787.3.patric	antibiotics	Yes	0.0124255093953235	0.0198837429515786	1316	147	0.532141044011953	0.61603151447972
X1263073.3.patric	antibiotics	Yes	-0.014204459578201	0.0230043226214437	1316	181	0.537033381286831	0.620235736134086
ERS235560_81.hgm	antibiotics	Yes	-0.0270797931593052	0.0442136802478605	1316	577	0.540331424029842	0.622583280146797
X742821.3.patric	antibiotics	Yes	-0.0234935676110462	0.0385658526126521	1316	229	0.542516213245308	0.622916423643958
ERS608606_84.hgm	diagnosis	CD	0.0158639386764574	0.0260828760590541	1316	203	0.543152735250524	0.622916423643958
X46503.4.patric	antibiotics	Yes	-0.0194363097450728	0.032643466257236	1316	691	0.551671929417001	0.63121532389108
ERS537369_59.hgm	antibiotics	Yes	-0.0161595195394429	0.0273665589948764	1316	139	0.554969345108975	0.633514890472426
SRS372948_2.hgm	diagnosis	UC	-0.012640193417008	0.0214807031637952	1316	173	0.556446278645644	0.633730484013095
ERS396465_42.hgm	age	age	-0.000442870182531425	0.000764711961688183	1316	278	0.564019270448879	0.64087178074099
X1262992.3.patric	age	age	-0.000340618258816412	0.000596405586700708	1316	227	0.571368975458671	0.647727041303378
ERS537183_49.hgm	age	age	0.000417954535961747	0.000773826989494229	1316	141	0.589852419489674	0.664090138189747
SRS332210_5.hgm	diagnosis	UC	0.0222644249821717	0.0412142969356367	1316	665	0.589184097765304	0.664090138189747
SRS372948_2.hgm	diagnosis	CD	-0.0109019374977858	0.0200727544455246	1316	173	0.58732446116989	0.664090138189747
X2562617183.img	diagnosis	CD	-0.00893974700326274	0.0168804143907161	1316	132	0.59649801196065	0.67003886275032
X1236512.3.patric	age	age	0.000326900633144889	0.000617645175628132	1316	786	0.60061915728813	0.673131265115626
X1952006.3.patric	age	age	-0.000724427328825546	0.00143448707798682	1316	691	0.616723621105226	0.689609139963117
X483215.6.patric	age	age	-0.000330505638325945	0.000671782162138234	1316	218	0.623534714876618	0.695644171699084
SRS1596798_81.hgm	antibiotics	Yes	-0.0154556651812249	0.0317868286609248	1316	227	0.626887230149195	0.697802075188697
X1263072.3.patric	diagnosis	UC	0.0121348835856402	0.0254088627946565	1316	479	0.633120481940155	0.701694915790857
X457421.5.patric	diagnosis	UC	0.00592574311094686	0.0124143201739577	1316	176	0.633236875225895	0.701694915790857
ERS537180_31.hgm	age	age	0.000319773103001386	0.000687873259510845	1316	166	0.642272419086096	0.710107933012043
ERS235560_81.hgm	diagnosis	UC	-0.0162850809768964	0.0359605532133474	1316	577	0.65072624387748	0.717841506698924
X1073375.3.patric	antibiotics	Yes	-0.0176163562855818	0.0401462310394701	1316	357	0.660876013795366	0.727407156123758
X1263073.3.patric	diagnosis	CD	0.00710232102354193	0.0173588807792673	1316	181	0.682524492283393	0.749558147775512
SRS372948_2.hgm	antibiotics	Yes	-0.0107760351773075	0.0271321070920963	1316	173	0.691308001435928	0.757513444780572
X709991.3.patric	diagnosis	CD	0.00726131016369411	0.0184935208105187	1316	646	0.694689465017677	0.759527148419327
SRS021219_12.hgm	antibiotics	Yes	0.00775520341123439	0.0202933035621355	1316	154	0.702408363829219	0.766263669631875
X765821.5.patric	diagnosis	CD	0.0106220435354683	0.0286752671255665	1316	577	0.711125946990366	0.774057446724027
SRS476023_14.hgm	antibiotics	Yes	0.0107782018407599	0.02998117235155	1316	244	0.7192802001275	0.78120498556894
X657309.4.patric	diagnosis	UC	0.00905221395210476	0.0262039889593317	1316	734	0.729825932972509	0.7892922817109
X1263105.3.patric	age	age	-0.000378766486707414	0.00110061128561188	1316	534	0.731523458847973	0.7892922817109
SRS476024_18.hgm	age	age	-0.00034279416222806	0.000992622242120876	1316	325	0.731539187927176	0.7892922817109
X1263070.3.patric	antibiotics	Yes	-0.0123765700060856	0.0366987237467721	1316	317	0.735984527070097	0.792350956933234
X999410.3.patric	age	age	0.0001777221276435	0.000609855936392689	1316	163	0.771506168744922	0.825176163092394
ERS537247_14.hgm	antibiotics	Yes	0.00751522646523945	0.0256961019655509	1316	175	0.769977289295057	0.825176163092394
ERS537292_27.hgm	age	age	0.000214495351610437	0.000734649325598706	1316	193	0.771331780298238	0.825176163092394
X2562617183.img	diagnosis	UC	0.00483330147287349	0.0179088538884773	1316	132	0.78729563654257	0.83746874214975
ERS473122_41.hgm	age	age	0.00020283922250263	0.000752118041598627	1316	364	0.788105747185639	0.83746874214975
ERS537233_63.hgm	age	age	0.000313280856073186	0.00115089981116027	1316	523	0.786190760798432	0.83746874214975
X927665.4.patric	antibiotics	Yes	0.00579464987635544	0.0218104168359704	1316	135	0.790525743081363	0.838229882750066
X709991.3.patric	antibiotics	Yes	0.00636637436265147	0.024598192083786	1316	646	0.795819136103834	0.842027989167927
X1297617.4.patric	age	age	-7.72832543830431e-05	0.000351851841211184	1316	150	0.826248418437032	0.872348115603046
X890402.3.patric	age	age	0.000199361894516074	0.000950028073730992	1316	298	0.834008379530632	0.878655509055826
ERS537369_59.hgm	age	age	-0.000148401481818479	0.00072984587943324	1316	139	0.838931065259495	0.881953171170239
X999410.3.patric	antibiotics	Yes	-0.00463615181314968	0.0243009181737604	1316	163	0.848727407617378	0.890349434003731
ERS608493_46.hgm	age	age	-0.000112204076262107	0.000606553842332901	1316	135	0.85333607254833	0.893279463178252
SRS1719567_3.hgm	antibiotics	Yes	0.0100150875832815	0.0560817752371718	1316	629	0.858297491058643	0.896565532061258
SRS373206_4.hgm	age	age	-0.000167193558900631	0.00100107710839539	1316	806	0.86749965705582	0.904258117100558
SRS143991_10.hgm	age	age	6.46046561811326e-05	0.000406737141676521	1316	211	0.876311856526181	0.91151254420905
SRS294956_23.hgm	age	age	9.76963120727385e-05	0.000639490655204303	1316	240	0.880390302807283	0.913822845951863
ERS235534_25.hgm	antibiotics	Yes	-0.00313520766452183	0.0214608307172599	1316	149	0.883873166943636	0.915260367517794
ERS537219_61.hgm	age	age	-0.000185350372571737	0.00128091356277992	1316	710	0.885495802720468	0.915260367517794
X469591.4.patric	diagnosis	CD	0.00501475419707262	0.0367997231731119	1316	945	0.891628342621226	0.919666969747679
SRS311548_12.hgm	antibiotics	Yes	-0.00536667846981507	0.0408344723340022	1316	821	0.895459291846454	0.921686133030241
SRS1596849_88.hgm	age	age	7.80454999674945e-05	0.000675113760116423	1316	156	0.908406020918236	0.933060046538146
X665951.3.patric	diagnosis	UC	0.00275204124544602	0.0248587751253911	1316	407	0.911866021794545	0.934662672339408
X890402.3.patric	antibiotics	Yes	0.00383733676194534	0.0375559570428217	1316	298	0.918632607275287	0.939640837379295
ERS235534_25.hgm	age	age	4.12702801550781e-05	0.000408528128547611	1316	149	0.922607395883201	0.941748628162935
X657309.4.patric	antibiotics	Yes	0.00265500563867911	0.0327244439268298	1316	734	0.935349543554249	0.952695155590434
SRS075878_45.hgm	age	age	7.70403960520856e-05	0.000977370099495637	1316	659	0.937204177450752	0.952695155590434
ERS537197_59.hgm	antibiotics	Yes	-0.00193518001646159	0.0269779605148254	1316	254	0.942826309719551	0.956434112127874
X702446.3.patric	antibiotics	Yes	0.0014616894274675	0.0352759338155335	1316	1130	0.966954871027933	0.978892585485068
SRS1719444_21.hgm	diagnosis	UC	0.0011087540406698	0.0325124343905305	1316	408	0.972800753759316	0.982788441169576
X1262754.3.patric	diagnosis	UC	-0.000286276352282617	0.02832271077776	1316	321	0.991936941004612	0.997321470556632
X1262754.3.patric	antibiotics	Yes	0.000205986416573636	0.034920217442129	1316	321	0.995294394396964	0.997321470556632
ERS608493_46.hgm	antibiotics	Yes	-0.000138989301692773	0.0232757070881128	1316	135	0.995236431340429	0.997321470556632
SRS1735679_4.hgm	diagnosis	CD	0.000332120505091236	0.0329440965244939	1316	1015	0.991959878150035	0.997321470556632
ERS396509_31.hgm	diagnosis	CD	-5.86994780637064e-05	0.0318675020065142	1316	474	0.998530591774206	0.998530591774206
